{"Mean":{"confidence_interval":{"confidence_level":0.95,"lower_bound":8.069433880796495,"upper_bound":8.76498463267559},"point_estimate":8.37421384213597,"standard_error":0.17942649856344375},"Median":{"confidence_interval":{"confidence_level":0.95,"lower_bound":7.682824002679587,"upper_bound":7.880996323934766},"point_estimate":7.746306305650807,"standard_error":0.048813579328672876},"MedianAbsDev":{"confidence_interval":{"confidence_level":0.95,"lower_bound":0.1750360654107618,"upper_bound":0.4820881328942626},"point_estimate":0.3105575416710434,"standard_error":0.07270513373857442},"Slope":{"confidence_interval":{"confidence_level":0.95,"lower_bound":7.943615838264552,"upper_bound":8.344392971565814},"point_estimate":8.123271015072524,"standard_error":0.10227771355972384},"StdDev":{"confidence_interval":{"confidence_level":0.95,"lower_bound":0.8134734087762191,"upper_bound":2.704649981550419},"point_estimate":1.8013779097472777,"standard_error":0.5078138013246382}}