{"Mean":{"confidence_interval":{"confidence_level":0.95,"lower_bound":7.796464141954994,"upper_bound":8.13526304623405},"point_estimate":7.958936045569168,"standard_error":0.08656738481061706},"Median":{"confidence_interval":{"confidence_level":0.95,"lower_bound":7.469528451265948,"upper_bound":7.5841827211832396},"point_estimate":7.524925229356925,"standard_error":0.03484210645841606},"MedianAbsDev":{"confidence_interval":{"confidence_level":0.95,"lower_bound":0.13029275169946006,"upper_bound":0.3488003252416838},"point_estimate":0.23204221324318827,"standard_error":0.06413945909404017},"Slope":{"confidence_interval":{"confidence_level":0.95,"lower_bound":7.790583866225393,"upper_bound":8.333737288356676},"point_estimate":8.048614177356013,"standard_error":0.13935051343961943},"StdDev":{"confidence_interval":{"confidence_level":0.95,"lower_bound":0.6795718046575416,"upper_bound":1.0273067095189148},"point_estimate":0.8691353398501661,"standard_error":0.08875664736114788}}