{"Mean":{"confidence_interval":{"confidence_level":0.95,"lower_bound":79.38604540611165,"upper_bound":84.75356943382788},"point_estimate":81.799254274499,"standard_error":1.378668299874032},"Median":{"confidence_interval":{"confidence_level":0.95,"lower_bound":76.9100803478737,"upper_bound":78.07401493436357},"point_estimate":77.31288548502843,"standard_error":0.3145543960230112},"MedianAbsDev":{"confidence_interval":{"confidence_level":0.95,"lower_bound":1.8542736497746724,"upper_bound":3.4297199798534437},"point_estimate":2.590857229881784,"standard_error":0.41695714777935944},"Slope":{"confidence_interval":{"confidence_level":0.95,"lower_bound":77.33534326067958,"upper_bound":78.87210848526617},"point_estimate":78.01904755857525,"standard_error":0.3901440550930509},"StdDev":{"confidence_interval":{"confidence_level":0.95,"lower_bound":6.878710168124615,"upper_bound":19.612334456088064},"point_estimate":13.835763771788884,"standard_error":3.2374594493899016}}