{"Mean":{"confidence_interval":{"confidence_level":0.95,"lower_bound":-0.9066212232864319,"upper_bound":-0.8989583377053486},"point_estimate":-0.9027016063146388,"standard_error":0.001954455282340681},"Median":{"confidence_interval":{"confidence_level":0.95,"lower_bound":-0.9038998336081748,"upper_bound":-0.9015730797749891},"point_estimate":-0.9026691969631101,"standard_error":0.0006403527049602887}}